order,file_path,record_id,name,set_key
1,https://s3.amazonaws.com/anzac-project/R10927559/FL9809231,R10927559,"MADDOCK, Alfred John Ford",1
2,https://s3.amazonaws.com/anzac-project/R10927559/FL9809225,R10927559,"MADDOCK, Alfred John Ford",1
3,https://s3.amazonaws.com/anzac-project/R10927559/FL9809226,R10927559,"MADDOCK, Alfred John Ford",1
4,https://s3.amazonaws.com/anzac-project/R10927559/FL9809229,R10927559,"MADDOCK, Alfred John Ford",1
5,https://s3.amazonaws.com/anzac-project/R10927559/FL9809228,R10927559,"MADDOCK, Alfred John Ford",1
6,https://s3.amazonaws.com/anzac-project/R10927559/FL9809227,R10927559,"MADDOCK, Alfred John Ford",1
7,https://s3.amazonaws.com/anzac-project/R10927559/FL9809222,R10927559,"MADDOCK, Alfred John Ford",1
8,https://s3.amazonaws.com/anzac-project/R10927559/FL9809232,R10927559,"MADDOCK, Alfred John Ford",1
9,https://s3.amazonaws.com/anzac-project/R10927559/FL9809223,R10927559,"MADDOCK, Alfred John Ford",1
10,https://s3.amazonaws.com/anzac-project/R10927559/FL9809118,R10927559,"MADDOCK, Alfred John Ford",1
11,https://s3.amazonaws.com/anzac-project/R10927559/FL9809224,R10927559,"MADDOCK, Alfred John Ford",1
12,https://s3.amazonaws.com/anzac-project/R10927559/FL9809119,R10927559,"MADDOCK, Alfred John Ford",1
13,https://s3.amazonaws.com/anzac-project/R10927559/FL9809234,R10927559,"MADDOCK, Alfred John Ford",1
14,https://s3.amazonaws.com/anzac-project/R10927559/FL9809121,R10927559,"MADDOCK, Alfred John Ford",1
15,https://s3.amazonaws.com/anzac-project/R10927559/FL9809230,R10927559,"MADDOCK, Alfred John Ford",1
16,https://s3.amazonaws.com/anzac-project/R10927559/FL9809233,R10927559,"MADDOCK, Alfred John Ford",1
17,https://s3.amazonaws.com/anzac-project/R10927559/FL9809120,R10927559,"MADDOCK, Alfred John Ford",1
18,https://s3.amazonaws.com/anzac-project/R10927559/FL9809235,R10927559,"MADDOCK, Alfred John Ford",1